book_id,title,genre,publication_year,price
BK001,The Final Journey: A True Story,Non-Fiction,1990,10.93
BK002,Fragments of Eternity,Self-Help,2002,
BK003,Winds of Change: A Psychological Thriller,Romance,,9.58
BK004,The Hidden Garden,Fantasy,2019,8.04
BK005,The Broken Promise: A Psychological Thriller,Self-Help,2002,8.6
BK006,The Sacred Forest,Mystery,2008,12.14
BK007,The Invisible Thread: A Historical Fiction,Non-Fiction,2010,9.15
BK008,Echoes of the Storm,Romance,1986,5.95
BK009,The Forgotten Path: A True Story,Sci-Fi,2019,5.51
BK010,Winds of Change: The Awakening,Fantasy,2012,4.97
BK011,Echoes of the Storm: The Awakening,,2000,16.16
BK012,The Lost Chronicles: A Mystery,Sci-Fi,1981,12.47
BK013,Rise of the Phoenix: The Awakening,Self-Help,,8.65
BK014,Shadows of the Mind,Romance,2026,7.53
BK015,Legacy of the Flame,Fantasy,2012,7.17
BK016,The Golden Horizon,,,
BK017,The Lost Chronicles,Romance,2013,
BK018,Beyond the Crimson Sky,Romance,1999,7.08
BK019,The Invisible Thread,Mystery,2014,14.23
BK020,Echoes of the Storm: A Tale of Courage,Fantasy,1997,9.13
BK021,Shadows of the Mind: A Psychological Thriller,Fantasy,2025,8.29
BK022,The Ancient Code: The Untold Story,Sci-Fi,2003,16.47
BK023,The Last Memory: A Historical Fiction,Mystery,1987,8.99
BK024,The Last Memory: A Tale of Courage,Self-Help,2009,
BK025,The Hidden Garden: Book One,Biography,2023,9.97
BK026,Rise of the Phoenix: A Journey of Hope,Self-Help,1989,4.71
BK027,Winds of Change: The Untold Story,Self-Help,2002,10.13
BK028,The Silent Empire: A True Story,Mystery,1990,7.21
BK029,Whispers of Destiny: Book One,Fantasy,1981,5.11
BK030,The Golden Horizon: Book One,Romance,2005,7.34
BK031,Beyond the Crimson Sky: A Historical Fiction,Mystery,,7.31
BK032,Rise of the Phoenix,Sci-Fi,2012,13.63
BK033,The Sacred Forest: A True Story,Mystery,2026,5.9
BK034,Rise of the Phoenix: Book One,Sci-Fi,,6.58
BK035,The Silent Empire,Self-Help,2019,9.92
BK036,Winds of Change: A Journey of Hope,Biography,2004,5.31
BK037,The Ancient Code,Mystery,1983,6.93
BK038,Secrets of the Ocean: The Awakening,Sci-Fi,2021,4.64
BK039,The Broken Promise: A Mystery,Mystery,1998,13.04
BK040,Echoes of the Storm: A True Story,,1997,8.0
BK041,The Golden Horizon: A Novel,Self-Help,,8.97
BK042,The Last Memory: A True Story,Mystery,2009,13.02
BK043,Secrets of the Ocean: A Journey of Hope,Non-Fiction,1998,6.76
BK044,Echoes of the Storm: A Mystery,Sci-Fi,2002,7.97
BK045,The Invisible Thread: The Awakening,Biography,1995,5.91
BK046,The Forgotten Path: Book One,Sci-Fi,1980,5.91
BK047,The Invisible Thread: A Journey of Hope,Sci-Fi,1991,6.24
BK048,The Last Memory,Fiction,2003,7.41
BK049,The Silent Empire: The Untold Story,Biography,2013,7.74
BK050,Secrets of the Ocean,,1987,10.13
BK051,The Final Journey: A Novel,Sci-Fi,1997,6.32
BK052,Shadows of the Mind: The Untold Story,,1984,10.26
BK053,Winds of Change,Fiction,2005,
BK054,The Silent Empire: A Tale of Courage,Non-Fiction,2009,7.48
BK055,Beyond the Crimson Sky: Book One,Sci-Fi,1992,6.54
BK056,The Ancient Code: A Historical Fiction,Self-Help,1998,9.34
BK057,The Golden Horizon: A Historical Fiction,Sci-Fi,2008,8.32
BK058,The Forgotten Path,Fiction,1982,9.86
BK059,The Lost Chronicles: A Psychological Thriller,Mystery,2005,16.91
BK060,Secrets of the Ocean: A Tale of Courage,Fantasy,2019,9.28
BK061,The Sacred Forest: A Journey of Hope,Self-Help,1991,6.99
BK062,The Forgotten Path: The Untold Story,Non-Fiction,1981,6.32
BK063,Whispers of Destiny: A Tale of Courage,Self-Help,1990,6.42
BK064,Winds of Change: A Historical Fiction,Sci-Fi,2023,5.03
BK065,Legacy of the Flame: A Mystery,Mystery,,13.11
BK066,Echoes of the Storm: A Psychological Thriller,Biography,,3.99
BK067,The Lost Chronicles: A Tale of Courage,Fantasy,1992,10.97
BK068,Echoes of the Storm: A Historical Fiction,Biography,2016,6.38
BK069,The Invisible Thread: A Novel,Fantasy,2001,7.35
BK070,Secrets of the Ocean: A Psychological Thriller,Non-Fiction,,6.3
BK071,The Ancient Code: The Awakening,Romance,,16.09
BK072,Winds of Change: A Novel,Fantasy,2016,9.08
BK073,The Broken Promise,Romance,1986,12.38
BK074,The Last Memory: A Mystery,Biography,2005,15.18
BK075,The Silent Empire: A Mystery,Fantasy,2005,9.63
BK076,The Ancient Code: A True Story,Non-Fiction,2003,5.59
BK077,The Golden Horizon: The Awakening,Fiction,,8.26
BK078,Secrets of the Ocean: A Novel,Non-Fiction,1995,6.71
BK079,The Silent Empire: A Historical Fiction,,,7.38
BK080,Secrets of the Ocean: A Mystery,Fiction,2019,8.69
BK081,Whispers of Destiny: A Psychological Thriller,Fiction,1988,8.55
BK082,The Last Memory: A Novel,Mystery,2011,10.64
BK083,Beyond the Crimson Sky: A Journey of Hope,Fantasy,1994,11.28
BK084,The Final Journey,Biography,2016,8.55
BK085,The Lost Chronicles: The Untold Story,Mystery,1992,10.61
BK086,The Sacred Forest: Book One,Fiction,1984,7.24
BK087,The Broken Promise: The Untold Story,Romance,1990,15.27
BK088,Echoes of the Storm: A Novel,Biography,1989,7.2
BK089,The Last Memory: The Untold Story,Romance,1992,14.57
BK090,Fragments of Eternity: A Tale of Courage,Non-Fiction,2020,5.0
BK091,Legacy of the Flame: A Psychological Thriller,Sci-Fi,2025,7.75
BK092,Rise of the Phoenix: The Untold Story,Non-Fiction,1994,7.91
BK093,Whispers of Destiny: A Mystery,Non-Fiction,2021,10.09
BK094,Secrets of the Ocean: A True Story,Sci-Fi,1986,12.74
BK095,The Lost Chronicles: Book One,Fantasy,2019,5.48
BK096,The Hidden Garden: A Historical Fiction,Fiction,2007,5.79
BK097,Winds of Change: A Mystery,Romance,2011,5.15
BK098,Whispers of Destiny,Non-Fiction,2014,15.3
BK099,The Silent Empire: A Novel,Sci-Fi,1994,10.17
BK100,Shadows of the Mind: A True Story,Mystery,2015,5.85
BK101,Rise of the Phoenix: A True Story,Non-Fiction,2000,7.56
BK102,Legacy of the Flame: A Novel,Romance,,14.48
BK103,Legacy of the Flame: A True Story,,1980,8.07
BK104,The Invisible Thread: A True Story,Non-Fiction,,7.89
BK105,The Hidden Garden: A Journey of Hope,Non-Fiction,1990,6.6
BK106,Whispers of Destiny: A Historical Fiction,Fantasy,2023,5.99
BK107,Shadows of the Mind: Book One,Self-Help,2005,14.49
BK108,The Final Journey: Book One,Sci-Fi,2016,17.63
BK109,Echoes of the Storm: The Untold Story,Mystery,2002,6.09
BK110,Fragments of Eternity: The Awakening,Mystery,,15.83
BK111,The Hidden Garden: A Mystery,Biography,2000,7.43
BK112,The Invisible Thread: A Mystery,Fiction,2024,11.17
BK113,The Golden Horizon: A True Story,Biography,2024,15.86
BK114,Fragments of Eternity: The Untold Story,Romance,2006,8.52
BK115,The Golden Horizon: A Psychological Thriller,Fiction,2018,7.92
BK116,Shadows of the Mind: A Novel,Non-Fiction,2019,
BK117,The Forgotten Path: The Awakening,Self-Help,,5.79
BK118,The Broken Promise: A Tale of Courage,Non-Fiction,2002,14.28
BK119,The Broken Promise: The Awakening,Mystery,1995,9.56
BK120,Beyond the Crimson Sky: A Tale of Courage,Romance,,7.16
BK121,The Ancient Code: A Novel,Sci-Fi,1983,7.09
BK122,The Sacred Forest: A Psychological Thriller,Romance,2019,5.19
BK123,The Sacred Forest: The Untold Story,Non-Fiction,1995,7.28
BK124,The Ancient Code: A Journey of Hope,Sci-Fi,,8.12
BK125,Secrets of the Ocean: A Historical Fiction,,2021,5.9
BK126,Secrets of the Ocean: Book One,Self-Help,2004,8.86
BK127,The Lost Chronicles: A Historical Fiction,Self-Help,2023,10.9
BK128,The Invisible Thread: Book One,Romance,1991,8.29
BK129,The Hidden Garden: A Tale of Courage,Sci-Fi,2005,11.76
BK130,The Ancient Code: A Mystery,Non-Fiction,2016,6.53
BK131,The Sacred Forest: A Novel,Romance,2012,13.48
BK132,The Forgotten Path: A Psychological Thriller,Sci-Fi,2007,9.48
BK133,Shadows of the Mind: A Mystery,Fantasy,1988,16.75
BK134,The Last Memory: Book One,Self-Help,1991,23.71
BK135,The Last Memory: The Awakening,Fantasy,1984,7.48
BK136,Legacy of the Flame: A Journey of Hope,Non-Fiction,2007,7.6
BK137,The Hidden Garden: The Untold Story,Sci-Fi,2014,8.18
BK138,The Final Journey: A Psychological Thriller,Fantasy,1984,11.45
BK139,The Forgotten Path: A Historical Fiction,Sci-Fi,2013,15.34
BK140,Whispers of Destiny: The Untold Story,Romance,2025,6.95
BK141,Rise of the Phoenix: A Tale of Courage,Non-Fiction,2013,10.51
BK142,The Invisible Thread: A Psychological Thriller,Fantasy,1992,8.55
BK143,The Broken Promise: A Journey of Hope,,2018,11.56
BK144,The Golden Horizon: The Untold Story,Romance,2021,16.51
BK145,The Forgotten Path: A Novel,Self-Help,2024,8.2
BK146,The Lost Chronicles: A Journey of Hope,Biography,1993,4.63
BK147,The Sacred Forest: A Tale of Courage,Biography,1990,12.15
BK148,Winds of Change: Book One,Fiction,2021,6.47
BK149,The Ancient Code: Book One,,2017,8.52
BK150,Fragments of Eternity: A Mystery,Non-Fiction,1983,12.36
BK151,The Hidden Garden: A True Story,Fantasy,2012,10.17
BK152,Whispers of Destiny: A True Story,Fantasy,1986,
BK153,The Broken Promise: A True Story,Fantasy,2020,7.17
BK154,Secrets of the Ocean: The Untold Story,Sci-Fi,1987,3.99
BK155,The Hidden Garden: A Novel,Romance,2016,11.93
BK156,Winds of Change: A Tale of Courage,Fantasy,1989,8.16
BK157,The Broken Promise: Book One,Romance,2022,16.53
BK158,Rise of the Phoenix: A Mystery,,1994,10.58
BK159,Echoes of the Storm: A Journey of Hope,Biography,2017,7.27
BK160,Fragments of Eternity: A True Story,Fantasy,1994,13.83
BK161,The Last Memory: A Psychological Thriller,Non-Fiction,,14.3
BK162,The Broken Promise: A Novel,Fantasy,2008,
BK163,The Forgotten Path: A Mystery,,1998,14.55
BK164,Shadows of the Mind: A Journey of Hope,Mystery,1989,7.23
BK165,Winds of Change: A True Story,Non-Fiction,1991,9.62
BK166,The Sacred Forest: A Historical Fiction,Fantasy,1983,11.34
BK167,The Lost Chronicles: A True Story,Self-Help,2010,12.35
BK168,Rise of the Phoenix: A Novel,Mystery,1997,11.57
BK169,The Lost Chronicles: The Awakening,Non-Fiction,1995,7.9
BK170,Legacy of the Flame: A Historical Fiction,,2019,13.98
BK171,Beyond the Crimson Sky: A Psychological Thriller,Self-Help,2015,8.59
BK172,The Golden Horizon: A Journey of Hope,Sci-Fi,2004,7.19
BK173,The Silent Empire: A Journey of Hope,Self-Help,2002,7.23
BK174,Shadows of the Mind: The Awakening,Fantasy,,19.61
BK175,The Invisible Thread: A Tale of Courage,Sci-Fi,2013,6.71
BK176,Fragments of Eternity: Book One,Fiction,2015,15.13
BK177,The Final Journey: A Tale of Courage,Fantasy,2016,5.73
BK178,The Forgotten Path: A Tale of Courage,Biography,1982,10.97
BK179,The Forgotten Path: A Journey of Hope,Self-Help,1988,10.16
BK180,The Lost Chronicles: A Novel,Fiction,1997,17.26
BK181,Beyond the Crimson Sky: A Mystery,Mystery,2022,6.95
BK182,The Last Memory: A Journey of Hope,,2014,6.22
BK183,The Invisible Thread: The Untold Story,Self-Help,2013,8.61
BK184,Legacy of the Flame: Book One,Romance,2020,17.57
BK185,The Broken Promise: A Historical Fiction,Fiction,1993,6.34
BK186,The Golden Horizon: A Tale of Courage,Romance,1983,3.99
BK187,The Hidden Garden: The Awakening,Self-Help,2008,9.24
BK188,Whispers of Destiny: The Awakening,Romance,2020,13.19
BK189,The Final Journey: A Mystery,Self-Help,2024,6.02
BK190,Fragments of Eternity: A Psychological Thriller,Non-Fiction,1994,12.67
BK191,The Sacred Forest: The Awakening,Mystery,,5.96
BK192,The Sacred Forest: A Mystery,Non-Fiction,,8.51
BK193,Fragments of Eternity: A Historical Fiction,Fantasy,1995,12.2
BK194,Shadows of the Mind: A Historical Fiction,Fiction,1991,5.61
BK195,Rise of the Phoenix: A Psychological Thriller,Romance,1984,9.7
BK196,Beyond the Crimson Sky: The Awakening,Non-Fiction,2013,14.67
BK197,The Silent Empire: The Awakening,Self-Help,2021,10.91
BK198,Whispers of Destiny: A Novel,Non-Fiction,1980,6.76
BK199,Beyond the Crimson Sky: The Untold Story,Non-Fiction,2018,16.57
BK200,Legacy of the Flame: A Tale of Courage,Fiction,2011,11.74
